--==============================
--회원 등록 - 기본값
--==============================
insert into member values('abcde','알파벳','1ARVn2Auq2/WAqx2gNrL+q3RNjAzXpUfCXrzkA6d4Xa22yhRLy4AC50E+6UTPoscbo31nbOoq51gvkuXzJ6B2w==','01012341234','abcde@abcde.com', '23456', '서울시 강남구 역삼동 203번지', 'ㅇㅇ빌딩 301호', default, '육아','캠핑',default,default);
insert into member values('kimcs','김철수','1ARVn2Auq2/WAqx2gNrL+q3RNjAzXpUfCXrzkA6d4Xa22yhRLy4AC50E+6UTPoscbo31nbOoq51gvkuXzJ6B2w==','01022222222','kimcs@abcde.com', '33333', '서울시 서초구 서초동 1203번지', 'ㅇㅇ빌라 401호', default, '여행','캠핑',default,default);
insert into member values('kimyh','김영희','1ARVn2Auq2/WAqx2gNrL+q3RNjAzXpUfCXrzkA6d4Xa22yhRLy4AC50E+6UTPoscbo31nbOoq51gvkuXzJ6B2w==','01033333333','kimyh@abcde.com', '44444', '서울시 송파구 잠실본동 63번지', 'ㅇㅇ아파트 1301호', default, '운동','여행',default,default);
insert into member values('admin','관리자','1ARVn2Auq2/WAqx2gNrL+q3RNjAzXpUfCXrzkA6d4Xa22yhRLy4AC50E+6UTPoscbo31nbOoq51gvkuXzJ6B2w==','01044444444','admin@abcde.com', '55555', '서울시 강동구 천호동 176번지', 'ㅇㅇ오피스텔 1801호', default, '운동','반려동물',default,default);

insert into member values('kimmj','김민준','1ARVn2Auq2/WAqx2gNrL+q3RNjAzXpUfCXrzkA6d4Xa22yhRLy4AC50E+6UTPoscbo31nbOoq51gvkuXzJ6B2w==','01052468452','kimmj@abcde.com', '35123', '서울시 서초구 서초동 1203번지', 'ㅇㅇ빌라 401호', default, '여행','캠핑',default,default);
insert into member values('kimsj','김서준','1ARVn2Auq2/WAqx2gNrL+q3RNjAzXpUfCXrzkA6d4Xa22yhRLy4AC50E+6UTPoscbo31nbOoq51gvkuXzJ6B2w==','01012684268','kimsj@abcde.com', '34853', '서울시 서초구 서초동 1203번지', 'ㅇㅇ빌라 401호', default, '여행','캠핑',default,default);
insert into member values('kimyj','김예준','1ARVn2Auq2/WAqx2gNrL+q3RNjAzXpUfCXrzkA6d4Xa22yhRLy4AC50E+6UTPoscbo31nbOoq51gvkuXzJ6B2w==','01023483215','kimyj@abcde.com', '78903', '서울시 서초구 서초동 1203번지', 'ㅇㅇ빌라 401호', default, '여행','캠핑',default,default);
insert into member values('kimdy','김도윤','1ARVn2Auq2/WAqx2gNrL+q3RNjAzXpUfCXrzkA6d4Xa22yhRLy4AC50E+6UTPoscbo31nbOoq51gvkuXzJ6B2w==','01023157895','kimdy@abcde.com', '98048', '서울시 서초구 서초동 1203번지', 'ㅇㅇ빌라 401호', default, '여행','캠핑',default,default);
insert into member values('kimsw','김시우','1ARVn2Auq2/WAqx2gNrL+q3RNjAzXpUfCXrzkA6d4Xa22yhRLy4AC50E+6UTPoscbo31nbOoq51gvkuXzJ6B2w==','01012682159','kimsw@abcde.com', '04980', '서울시 서초구 서초동 1203번지', 'ㅇㅇ빌라 401호', default, '여행','캠핑',default,default);
insert into member values('kimjw','김주원','1ARVn2Auq2/WAqx2gNrL+q3RNjAzXpUfCXrzkA6d4Xa22yhRLy4AC50E+6UTPoscbo31nbOoq51gvkuXzJ6B2w==','01065214862','kimjw@abcde.com', '04903', '서울시 서초구 서초동 1203번지', 'ㅇㅇ빌라 401호', default, '여행','캠핑',default,default);
insert into member values('kimjh','김지호','1ARVn2Auq2/WAqx2gNrL+q3RNjAzXpUfCXrzkA6d4Xa22yhRLy4AC50E+6UTPoscbo31nbOoq51gvkuXzJ6B2w==','01068712348','kimjh@abcde.com', '68048', '서울시 서초구 서초동 1203번지', 'ㅇㅇ빌라 401호', default, '여행','캠핑',default,default);
insert into member values('kimhj','김하준','1ARVn2Auq2/WAqx2gNrL+q3RNjAzXpUfCXrzkA6d4Xa22yhRLy4AC50E+6UTPoscbo31nbOoq51gvkuXzJ6B2w==','01079512358','kimhj@abcde.com', '98403', '서울시 서초구 서초동 1203번지', 'ㅇㅇ빌라 401호', default, '여행','캠핑',default,default);
insert into member values('kimjs','김준서','1ARVn2Auq2/WAqx2gNrL+q3RNjAzXpUfCXrzkA6d4Xa22yhRLy4AC50E+6UTPoscbo31nbOoq51gvkuXzJ6B2w==','01095135789','kimjs@abcde.com', '78053', '서울시 서초구 서초동 1203번지', 'ㅇㅇ빌라 401호', default, '여행','캠핑',default,default);
insert into member values('kimhw','김현우','1ARVn2Auq2/WAqx2gNrL+q3RNjAzXpUfCXrzkA6d4Xa22yhRLy4AC50E+6UTPoscbo31nbOoq51gvkuXzJ6B2w==','01071235489','kimhw@abcde.com', '48903', '서울시 서초구 서초동 1203번지', 'ㅇㅇ빌라 401호', default, '여행','캠핑',default,default);

insert into member values('kimsh','김서현','1ARVn2Auq2/WAqx2gNrL+q3RNjAzXpUfCXrzkA6d4Xa22yhRLy4AC50E+6UTPoscbo31nbOoq51gvkuXzJ6B2w==','01068015684','kimsh@abcde.com', '32103', '서울시 서초구 서초동 1203번지', 'ㅇㅇ빌라 401호', default, '여행','캠핑',default,default);
insert into member values('kimms','김민서','1ARVn2Auq2/WAqx2gNrL+q3RNjAzXpUfCXrzkA6d4Xa22yhRLy4AC50E+6UTPoscbo31nbOoq51gvkuXzJ6B2w==','01010856058','kimms@abcde.com', '80480', '서울시 서초구 서초동 1203번지', 'ㅇㅇ빌라 401호', default, '여행','캠핑',default,default);
insert into member values('kimhe','김하은','1ARVn2Auq2/WAqx2gNrL+q3RNjAzXpUfCXrzkA6d4Xa22yhRLy4AC50E+6UTPoscbo31nbOoq51gvkuXzJ6B2w==','01040640850','kimhe@abcde.com', '04890', '서울시 서초구 서초동 1203번지', 'ㅇㅇ빌라 401호', default, '여행','캠핑',default,default);
insert into member values('kimhy','김하윤','1ARVn2Auq2/WAqx2gNrL+q3RNjAzXpUfCXrzkA6d4Xa22yhRLy4AC50E+6UTPoscbo31nbOoq51gvkuXzJ6B2w==','01030849802','kimcs@abcde.com', '01903', '서울시 서초구 서초동 1203번지', 'ㅇㅇ빌라 401호', default, '여행','캠핑',default,default);
insert into member values('kimys','김윤서','1ARVn2Auq2/WAqx2gNrL+q3RNjAzXpUfCXrzkA6d4Xa22yhRLy4AC50E+6UTPoscbo31nbOoq51gvkuXzJ6B2w==','01068080492','kimhy@abcde.com', '98403', '서울시 서초구 서초동 1203번지', 'ㅇㅇ빌라 401호', default, '여행','캠핑',default,default);
insert into member values('kimjm','김지민','1ARVn2Auq2/WAqx2gNrL+q3RNjAzXpUfCXrzkA6d4Xa22yhRLy4AC50E+6UTPoscbo31nbOoq51gvkuXzJ6B2w==','01068408051','kimjm@abcde.com', '54053', '서울시 서초구 서초동 1203번지', 'ㅇㅇ빌라 401호', default, '여행','캠핑',default,default);
insert into member values('kimjy','김지유','1ARVn2Auq2/WAqx2gNrL+q3RNjAzXpUfCXrzkA6d4Xa22yhRLy4AC50E+6UTPoscbo31nbOoq51gvkuXzJ6B2w==','01068084802','kimjy@abcde.com', '01560', '서울시 서초구 서초동 1203번지', 'ㅇㅇ빌라 401호', default, '여행','캠핑',default,default);
insert into member values('kimcw','김채원','1ARVn2Auq2/WAqx2gNrL+q3RNjAzXpUfCXrzkA6d4Xa22yhRLy4AC50E+6UTPoscbo31nbOoq51gvkuXzJ6B2w==','01030540492','kimcw@abcde.com', '98403', '서울시 서초구 서초동 1203번지', 'ㅇㅇ빌라 401호', default, '여행','캠핑',default,default);
insert into member values('kimes','김은서','1ARVn2Auq2/WAqx2gNrL+q3RNjAzXpUfCXrzkA6d4Xa22yhRLy4AC50E+6UTPoscbo31nbOoq51gvkuXzJ6B2w==','01040806055','kimes@abcde.com', '32105', '서울시 서초구 서초동 1203번지', 'ㅇㅇ빌라 401호', default, '여행','캠핑',default,default);
insert into member values('parksy','박서연','1ARVn2Auq2/WAqx2gNrL+q3RNjAzXpUfCXrzkA6d4Xa22yhRLy4AC50E+6UTPoscbo31nbOoq51gvkuXzJ6B2w==','01098065064','parksy@abcde.com', '40802', '서울시 서초구 서초동 1203번지', 'ㅇㅇ빌라 401호', default, '여행','캠핑',default,default);

--==============================
--상품/이미지 - 기본값
--============================
--상품/이미지 추가: CT01 반려동물-최종
--============================
insert into item values(seq_item.nextval, 'CT01', 2, 'PET GEAR', '익스커션 Excursion 펫 유모차 (레드)', 680000,
    '품명 및 모델명:펫기어 익스커션 펫 유모차,KC 인증필 유무:KC인증필 무,크기/중량 (㎝/㎏):상세페이지 참조,색상:상세페이지 참조,재질:상세페이지 참조', default);
insert into item_image values(seq_item_image.nextval, 1, 'IMG01', 'excu-main.png', 'excu-main.png');
insert into item_image values(seq_item_image.nextval, 1, 'IMG02', 'excu-sub1.png', 'excu-sub1.png');
insert into item_image values(seq_item_image.nextval, 1, 'IMG03', 'excu-sub2.png', 'excu-sub2.png');
insert into item_image values(seq_item_image.nextval, 1, 'IMG05', 'excu-info.png', 'excu-info.png');
insert into item values(seq_item.nextval, 'CT01', 2, 'PET RING', '펫링 C1/C2 (고양이 전용)', 550000,
    '품명 및 모델명:펫링 C1/C2 (고양이 전용),KC 인증필 유무:KC인증 해당 상품 아님,크기/중량 (㎝/㎏):상세페이지 참조,색상:상세페이지 참조,재질:상세페이지 참조', default);
insert into item_image values(seq_item_image.nextval, 2, 'IMG01', 'petring-main.jpg', 'petring-main.jpg');
insert into item_image values(seq_item_image.nextval, 2, 'IMG02', 'petring-sub1.jpg', 'petring-sub1.jpg');
insert into item_image values(seq_item_image.nextval, 2, 'IMG05', 'petring-info.jpg', 'petring-info.jpg');
insert into item values(seq_item.nextval, 'CT01', 4, 'PLUTO', '서클제로(고양이 화장실)', 498000,
    '품명 및 모델명:플루토 서클제로(고양이 화장실),KC 인증필 유무:상세페이지 참조,크기/중량 (㎝/㎏):상세페이지 참조,색상:상세페이지 참조,재질:상세페이지 참조', default);
insert into item_image values(seq_item_image.nextval, 3, 'IMG01', 'circle-main.png', 'circle-main.png');
insert into item_image values(seq_item_image.nextval, 3, 'IMG02', 'circle-sub1.jpg', 'circle-sub1.jpg');
insert into item_image values(seq_item_image.nextval, 3, 'IMG03', 'circle-sub2.jpg', 'circle-sub2.jpg');
insert into item_image values(seq_item_image.nextval, 3, 'IMG04', 'circle-sub3.jpg', 'circle-sub3.jpg');
insert into item_image values(seq_item_image.nextval, 3, 'IMG05', 'circle-info.jpg', 'circle-info.jpg');
insert into item values(seq_item.nextval, 'CT01', 1, '콤펫', '미리미리 라이트 펫 유모차', 360000,
    '품명 및 모델명:미리미리 라이트,KC 인증필 유무:레이크 블루,크기/중량 (㎝/㎏):W515 x D740 x H997mm,색상:마나 브라운,재질:상세페이지 참조', default);
insert into item_image values(seq_item_image.nextval, 4, 'IMG01', 'miri-main.jpg', 'miri-main.jpg');
insert into item_image values(seq_item_image.nextval, 4, 'IMG02', 'miri-sub1.jpg', 'miri-sub1.jpg');
insert into item_image values(seq_item_image.nextval, 4, 'IMG03', 'miri-sub2.jpg', 'miri-sub2.jpg');
insert into item_image values(seq_item_image.nextval, 4, 'IMG05', 'miri-info.jpg', 'miri-info.jpg');
insert into item values(seq_item.nextval, 'CT01', 3, '이비야야', '콤보 펫 유모차', 147000,
    '품명 및 모델명:이비야야 콤보 펫 유모차,KC 인증필 유무:상세페이지 참조,크기/중량 (㎝/㎏):상세페이지 참조,색상:상세페이지 참조,재질:상세페이지 참조', default);
insert into item_image values(seq_item_image.nextval, 5, 'IMG01', 'combo-main.jpg', 'combo-main.jpg');
insert into item_image values(seq_item_image.nextval, 5, 'IMG02', 'combo-sub1.jpg', 'combo-sub1.jpg');
insert into item_image values(seq_item_image.nextval, 5, 'IMG03', 'combo-sub2.jpg', 'combo-sub2.jpg');
insert into item_image values(seq_item_image.nextval, 5, 'IMG04', 'combo-sub3.jpg', 'combo-sub3.jpg');
insert into item_image values(seq_item_image.nextval, 5, 'IMG05', 'combo-info.jpg', 'combo-info.jpg');
insert into item values(seq_item.nextval, 'CT01', 7, 'NOWWe', 'CARRIE (반려동물 카시트)', 371000,
    '품명 및 모델명:CARRIE,KC 인증필 유무:상세페이지 참조,크기/중량 (㎝/㎏):상세페이지 참조,색상:상세페이지 참조,재질:상세페이지 참조', default);
insert into item_image values(seq_item_image.nextval, 6, 'IMG01', 'carr-main.png', 'carr-main.png');
insert into item_image values(seq_item_image.nextval, 6, 'IMG02', 'carr-sub1.png', 'carr-sub1.png');
insert into item_image values(seq_item_image.nextval, 6, 'IMG03', 'carr-sub2.png', 'carr-sub2.png');
insert into item_image values(seq_item_image.nextval, 6, 'IMG04', 'carr-sub3.png', 'carr-sub3.png');
insert into item_image values(seq_item_image.nextval, 6, 'IMG05', 'carr-info.png', 'carr-info.png');
insert into item values(seq_item.nextval, 'CT01', 13, '암앤해머', '강아지용 칫솔', 6000,
    '품명 및 모델명:암앤해머 강아지용 칫솔,KC 인증필 유무:상세페이지 참조,크기/중량 (㎝/㎏):상세페이지 참조,색상:상세페이지 참조,재질:상세페이지 참조', default);
insert into item_image values(seq_item_image.nextval, 7, 'IMG01', 'tooth-main.jpg',  'tooth-main.jpg');
insert into item_image values(seq_item_image.nextval, 7, 'IMG02', 'tooth-sub1.jpg',  'tooth-sub1.jpg');
insert into item_image values(seq_item_image.nextval, 7, 'IMG03', 'tooth-sub2.jpg', 'tooth-sub2.jpg');
insert into item_image values(seq_item_image.nextval, 7, 'IMG05', 'tooth-info.jpg', 'tooth-info.jpg');
insert into item values(seq_item.nextval, 'CT01', 13, '네츄럴코어', '강아지용 캔', 1200,
    '품명 및 모델명:네츄럴코어 강아지용 캔,KC 인증필 유무:상세페이지 참조,크기/중량 (㎝/㎏):상세페이지 참조,색상:상세페이지 참조,재질:상세페이지 참조', default);
insert into item_image values(seq_item_image.nextval, 8, 'IMG01', 'can-main.jpg', 'can-main.jpg');
insert into item_image values(seq_item_image.nextval, 8, 'IMG02', 'can-sub1.jpg',  'can-sub1.jpg');
insert into item_image values(seq_item_image.nextval, 8, 'IMG03', 'can-sub2.jpg', 'can-sub2.jpg');
insert into item_image values(seq_item_image.nextval, 8, 'IMG04', 'can-sub3.jpg', 'can-sub3.jpg');
insert into item_image values(seq_item_image.nextval, 8, 'IMG05', 'can-info.jpg', 'can-info.jpg');
insert into item values(seq_item.nextval, 'CT01', 4, '건강한육포', '건강한육포 애견간식', 3500,
    '품명 및 모델명:건강한 육포 애견간식,KC 인증필 유무:상세페이지 참조,크기/중량 (㎝/㎏):상세페이지 참조,색상:상세페이지 참조,재질:상세페이지 참조', default);
insert into item_image values(seq_item_image.nextval, 9, 'IMG01', 'beef-main.jpg',  'beef-main.jpg');
insert into item_image values(seq_item_image.nextval, 9, 'IMG02', 'beef-sub1.jpg', 'beef-sub1.jpg');
insert into item_image values(seq_item_image.nextval, 9, 'IMG03', 'beef-sub2.jpg', 'beef-sub2.jpg');
insert into item_image values(seq_item_image.nextval, 9, 'IMG04', 'beef-sub3.jpg', 'beef-sub3.jpg');
insert into item_image values(seq_item_image.nextval, 9, 'IMG05', 'beef-info.jpg', 'beef-info.jpg');
insert into item values(seq_item.nextval, 'CT01', 16, 'KNOOKIST', '고양이 깃털 장난감-CATch me if you cat!', 25000,
    '품명 및 모델명:고양이 깃털 장난감-CATch me if you cat!,KC 인증필 유무:상세페이지 참조,크기/중량 (㎝/㎏):상세페이지 참조,색상:상세페이지 참조,재질:상세페이지 참조', default);
insert into item_image values(seq_item_image.nextval, 10, 'IMG01', 'catch-main.jpg', 'catch-main.jpg');
insert into item_image values(seq_item_image.nextval, 10, 'IMG02', 'catch-sub1.jpg', 'catch-sub1.jpg');
insert into item_image values(seq_item_image.nextval, 10, 'IMG05', 'catch-info.jpg', 'catch-info.jpg');
insert into item values(seq_item.nextval, 'CT01', 11, '네츄럴코어', '고양이 캔', 1200,
    '품명 및 모델명:네츄럴코어 고양이용 캔,KC 인증필 유무:상세페이지 참조,크기/중량 (㎝/㎏):상세페이지 참조,색상:상세페이지 참조,재질:상세페이지 참조', default);
insert into item_image values(seq_item_image.nextval, 11, 'IMG01', 'catcan-main.jpg', 'catcan-main.jpg');
insert into item_image values(seq_item_image.nextval, 11, 'IMG02', 'catcan-sub1.jpg', 'catcan-sub1.jpg');
insert into item_image values(seq_item_image.nextval, 11, 'IMG03', 'catcan-sub2.jpg', 'catcan-sub2.jpg');
insert into item_image values(seq_item_image.nextval, 11, 'IMG04', 'catcan-sub3.jpg', 'catcan-sub3.jpg');
insert into item_image values(seq_item_image.nextval, 11, 'IMG05', 'catcan-info.jpg', 'catcan-info.jpg');
insert into item values(seq_item.nextval, 'CT01', 1, '킨칠라', '고양이캐릭터 스크래쳐', 45000,
    '품명 및 모델명:킨칠라 고양이캐릭터 스크래쳐,KC 인증필 유무:상세페이지 참조,크기/중량 (㎝/㎏):상세페이지 참조,색상:상세페이지 참조,재질:상세페이지 참조', default);
insert into item_image values(seq_item_image.nextval, 12, 'IMG01', 'scratcher-main.jpg', 'scratcher-main.jpg');
insert into item_image values(seq_item_image.nextval, 12, 'IMG02', 'scratcher-sub1.jpg', 'scratcher-sub1.jpg');
insert into item_image values(seq_item_image.nextval, 12, 'IMG03', 'scratcher-sub2.jpg', 'scratcher-sub2.jpg');
insert into item_image values(seq_item_image.nextval, 12, 'IMG04', 'scratcher-sub3.jpg', 'scratcher-sub3.jpg');
insert into item_image values(seq_item_image.nextval, 12, 'IMG05', 'scratcher-info.jpg', 'scratcher-info.jpg');
insert into item values(seq_item.nextval, 'CT01', 5, 'CHI', '네일 클리퍼(일반형/고정형)', 27000,
    '품명 및 모델명:CHI 네일 클리퍼(일반형/고정형),KC 인증필 유무:상세페이지 참조,크기/중량 (㎝/㎏):상세페이지 참조,색상:상세페이지 참조,재질:상세페이지 참조', default);
insert into item_image values(seq_item_image.nextval, 13, 'IMG01', 'nail-main.jpg', 'nail-main.jpg');
insert into item_image values(seq_item_image.nextval, 13, 'IMG02', 'nail-sub1.jpg', 'nail-sub1.jpg');
insert into item_image values(seq_item_image.nextval, 13, 'IMG03', 'nail-sub2.jpg', 'nail-sub2.jpg');
insert into item_image values(seq_item_image.nextval, 13, 'IMG04', 'nail-sub3.jpg', 'nail-sub3.jpg');
insert into item_image values(seq_item_image.nextval, 13, 'IMG05', 'nail-info.jpg', 'nail-info.jpg');
insert into item values(seq_item.nextval, 'CT01', 1, '가또블랑코', '땅콩 캣타워 원목 캣폴 세트', 174000,
    '품명 및 모델명:가또블랑코 땅콩 캣타워 원목 캣폴 세트,KC 인증필 유무:상세페이지 참조,크기/중량 (㎝/㎏):상세페이지 참조,색상:상세페이지 참조,재질:핀라드산 자작나무, 칠레산 소나무', default);
insert into item_image values(seq_item_image.nextval, 14, 'IMG01', 'tower-main.jpg', 'tower-main.jpg');
insert into item_image values(seq_item_image.nextval, 14, 'IMG02', 'tower-sub1.jpg', 'tower-sub1.jpg');
insert into item_image values(seq_item_image.nextval, 14, 'IMG03', 'tower-sub2.jpg', 'tower-sub2.jpg');
insert into item_image values(seq_item_image.nextval, 14, 'IMG04', 'tower-sub3.jpg', 'tower-sub3.jpg');
insert into item_image values(seq_item_image.nextval, 14, 'IMG05', 'tower-info.jpg', 'tower-info.jpg');
insert into item values(seq_item.nextval, 'CT01', 2, '캐티스마일', '다용도 스툴하우스', 80000,
    '품명 및 모델명:캐티스마일 다용도 스툴하우스,KC 인증필 유무:상세페이지 참조,크기/중량 (㎝/㎏):상세페이지 참조,색상:상세페이지 참조,재질:상세페이지 참조', default);
insert into item_image values(seq_item_image.nextval, 15, 'IMG01', 'house-main.jpg', 'house-main.jpg');
insert into item_image values(seq_item_image.nextval, 15, 'IMG02', 'house-sub1.jpg', 'house-sub1.jpg');
insert into item_image values(seq_item_image.nextval, 15, 'IMG03', 'house-sub2.jpg', 'house-sub2.jpg');
insert into item_image values(seq_item_image.nextval, 15, 'IMG05', 'house-info.jpg', 'house-info.jpg');
insert into item values(seq_item.nextval, 'CT01', 1, 'Lovoom', '러붐 T20(사료 던져주는 강아지 CCTV)', 299000,
    '품명 및 모델명:Lovoom T20, KC 인증필 유무:상세페이지 참조,크기/중량 (㎝/㎏):상세페이지 참조,색상:상세페이지 참조,재질:상세페이지 참조', default);
insert into item_image values(seq_item_image.nextval, 16, 'IMG01', 'cctv-main.jpg', 'cctv-main.jpg');
insert into item_image values(seq_item_image.nextval, 16, 'IMG02', 'cctv-sub1.jpg', 'cctv-sub1.jpg');
insert into item_image values(seq_item_image.nextval, 16, 'IMG03', 'cctv-sub2.jpg', 'cctv-sub2.jpg');
insert into item_image values(seq_item_image.nextval, 16, 'IMG04', 'cctv-sub3.jpg', 'cctv-sub3.jpg');
insert into item_image values(seq_item_image.nextval, 16, 'IMG05', 'cctv-info.jpg', 'cctv-info.jpg');
insert into item values(seq_item.nextval, 'CT01', 6, '이비야야', '레인커버', 18000,
    '품명 및 모델명:이비야야 레인커버,KC 인증필 유무:상세페이지 참조, 크기/중량 (㎝/㎏):상세페이지 참조,색상:상세페이지 참조,재질:상세페이지 참조', default);
insert into item_image values(seq_item_image.nextval, 17, 'IMG01', 'rain-main.jpg', 'rain-main.jpg');
insert into item_image values(seq_item_image.nextval, 17, 'IMG02', 'rain-sub1.jpg', 'rain-sub1.jpg');
insert into item_image values(seq_item_image.nextval, 17, 'IMG03', 'rain-sub2.jpg', 'rain-sub2.jpg');
insert into item_image values(seq_item_image.nextval, 17, 'IMG05', 'rain-info.jpg', 'rain-info.jpg');
insert into item values(seq_item.nextval, 'CT01', 9, '가또블랑코', '로블레 식탁 소형 2구', 56000,
    '품명 및 모델명:가또블랑코 로블레 식탁 소형 2구,KC 인증필 유무:상세페이지 참조,크기/중량 (㎝/㎏):상세페이지 참조,색상:상세페이지 참조,재질:핀란드산 자작나무, 칠레산 소나무', default);
insert into item_image values(seq_item_image.nextval, 18, 'IMG01', 'table-main.jpg', 'table-main.jpg');
insert into item_image values(seq_item_image.nextval, 18, 'IMG02', 'table-sub1.jpg', 'table-sub1.jpg');
insert into item_image values(seq_item_image.nextval, 18, 'IMG03', 'table-sub2.jpg', 'table-sub2.jpg');
insert into item_image values(seq_item_image.nextval, 18, 'IMG05', 'table-info.jpg', 'table-info.jpg');
insert into item values(seq_item.nextval, 'CT01', 32, '실크테라피', '반려견용 샴푸 355ml', 56000,
    '품명 및 모델명:실크테라피 강아지 샴푸 355ml,KC 인증필 유무:상세페이지 참조,크기/중량 (㎝/㎏):상세페이지 참조,색상:상세페이지 참조,재질:상세페이지 참조', default);
insert into item_image values(seq_item_image.nextval, 19, 'IMG01', 'shampoo-main.jpg', 'shampoo-main.jpg');
insert into item_image values(seq_item_image.nextval, 19, 'IMG02', 'shampoo-sub1.jpg', 'shampoo-sub1.jpg');
insert into item_image values(seq_item_image.nextval, 19, 'IMG03', 'shampoo-sub2.jpg', 'shampoo-sub2.jpg');
insert into item_image values(seq_item_image.nextval, 19, 'IMG05', 'shampoo-info.jpg', 'shampoo-info.jpg');
insert into item values(seq_item.nextval, 'CT01', 2, '몽스파', '반려동물전용 스파욕조', 289000,
    '품명 및 모델명:반려동물스파욕조|JK-101,KC 인증필 유무:상세페이지 참조,크기/중량 (㎝/㎏):상세페이지 참조,색상:상세페이지 참조,재질:상세페이지 참조', default);
insert into item_image values(seq_item_image.nextval, 20, 'IMG01', 'spa-main.jpg', 'spa-main.jpg');
insert into item_image values(seq_item_image.nextval, 20, 'IMG02', 'spa-sub1.jpg', 'spa-sub1.jpg');
insert into item_image values(seq_item_image.nextval, 20, 'IMG05', 'spa-info.jpg', 'spa-info.jpg');

--============================
--상품/이미지 추가: CT02 육아-최종
--============================
insert into item values(seq_item.nextval, 'CT02', 3, 'BABYZEN', '요요플러스 6+ A형(기본형)', 521610, 
    '품명 및 모델명:베이비젠 요요플러스 6+ B형,KC 인증필 유무:B541R180-3001,크기/중량 (㎝/㎏):상세페이지 참조,색상:상세페이지 참조,재질:상세페이지 참조', default);
insert into item_image values(seq_item_image.nextval, 21, 'IMG01', 'yoyo-main.jfif', 'yoyo-main.jfif');
insert into item_image values(seq_item_image.nextval, 21, 'IMG02', 'yoyo-sub1.jfif', 'yoyo-sub1.jfif');
insert into item_image values(seq_item_image.nextval, 21, 'IMG03', 'yoyo-sub2.jfif', 'yoyo-sub2.jfif');
insert into item_image values(seq_item_image.nextval, 21, 'IMG04', 'yoyo-sub3.jfif', 'yoyo-sub3.jfif');
insert into item_image values(seq_item_image.nextval, 21, 'IMG05', 'yoyo-info.png', 'yoyo-info.png');

insert into item values(seq_item.nextval, 'CT02', 10, '이븐플로', '엑서쏘서 트리플펀 아마존(쏘서)', 142440, 
    '품명 및 모델명:이븐플로 엑서쏘서 트리플펀 아마존,KC 인증필 유무:CB061S024-7001,크기/중량 (㎝/㎏):76(W)*80(H)*76(D) / 10.5kg,색상:혼합색상,재질:플라스틱 폴리에스테르(100%)', default);
insert into item_image values(seq_item_image.nextval, 22, 'IMG01', 'exer-main.jfif', 'exer-main.jfif');
insert into item_image values(seq_item_image.nextval, 22, 'IMG02', 'exer-sub1.jfif', 'exer-sub1.jfif');
insert into item_image values(seq_item_image.nextval, 22, 'IMG03', 'exer-sub2.jfif', 'exer-sub2.jfif');
insert into item_image values(seq_item_image.nextval, 22, 'IMG04', 'exer-sub3.jfif', 'exer-sub3.jfif');
insert into item_image values(seq_item_image.nextval, 22, 'IMG05', 'exer-info.jpg', 'exer-info.jpg');

insert into item values(seq_item.nextval, 'CT02', 4, '콤비', '보행기 YT-Belle', 150800, 
    '품명 및 모델명:콤비 보행기 YT-Belle,KC 인증필 유무:CB121H001-7001,크기/중량 (㎝/㎏):상세페이지 참조,색상:시티 그레이,재질:상세페이지 참조', default);
insert into item_image values(seq_item_image.nextval, 23, 'IMG01', 'yt-main.jfif', 'yt-main.jfif');
insert into item_image values(seq_item_image.nextval, 23, 'IMG02', 'yt-sub1.jfif', 'yt-sub1.jfif');
insert into item_image values(seq_item_image.nextval, 23, 'IMG03', 'yt-sub2.jfif', 'yt-sub2.jfif');
insert into item_image values(seq_item_image.nextval, 23, 'IMG05', 'yt-info.jpg', 'yt-info.jpg');

insert into item values(seq_item.nextval, 'CT02', 3, '포맘스', '스마트 바운서 플러스', 392800, 
    '품명 및 모델명:포맘스 스마트 바운서 플러스,KC 인증필 유무:CB141R048-8001,크기/중량 (㎝/㎏):49.5*64*83.8(cm) / 약 8.6kg,색상:흰색 외,재질:플라스틱 외', default);
insert into item_image values(seq_item_image.nextval, 24, 'IMG01', 'smartbouncer-main.jfif', 'smartbouncer-main.jfif');
insert into item_image values(seq_item_image.nextval, 24, 'IMG02', 'smartbouncer-sub1.jfif', 'smartbouncer-sub1.jfif');
insert into item_image values(seq_item_image.nextval, 24, 'IMG03', 'smartbouncer-sub2.jfif', 'smartbouncer-sub2.jfif');
insert into item_image values(seq_item_image.nextval, 24, 'IMG04', 'smartbouncer-sub3.jfif', 'smartbouncer-sub3.jfif');
insert into item_image values(seq_item_image.nextval, 24, 'IMG05', 'smartbouncer-info.jpg', 'smartbouncer-info.jpg');

insert into item values(seq_item.nextval, 'CT02', 2, '콤비', '네무리라 오토스윙 식탁의자', 558900, 
    '품명 및 모델명:콤비 네무리라 오토스윙 바운서,KC 인증필 유무:B551R127-4001 / B381R099-4001,크기/중량 (㎝/㎏):W520xD690~875xH700~1030mm//12.1kg,색상:브라운,재질:폴리프로필렌', default);
insert into item_image values(seq_item_image.nextval, 25, 'IMG01', 'nemu-main.jfif', 'nemu-main.jfif');
insert into item_image values(seq_item_image.nextval, 25, 'IMG02', 'nemu-sub1.jfif', 'nemu-sub1.jfif');
insert into item_image values(seq_item_image.nextval, 25, 'IMG05', 'nemu-info.jpg', 'nemu-info.jpg');

insert into item values(seq_item.nextval, 'CT02', 10, '리바트', '뚜뚜 높이조절 아이 의자 단품', 110000, 
    '품명 및 모델명:뚜뚜 높이조절 아이 의자 단품,KC 인증필 유무:상품상세설명 참조,크기/중량 (㎝/㎏):상품상세설명 참조,색상:상품상세설명 참조,재질:상품상세설명 참조', default);
insert into item_image values(seq_item_image.nextval, 26, 'IMG01', 'ttoottoo-main.jfif', 'ttoottoo-main.jfif');
insert into item_image values(seq_item_image.nextval, 26, 'IMG05', 'ttoottoo-info.jpg', 'ttoottoo-info.jpg');

insert into item values(seq_item.nextval, 'CT02', 10, '리바트', '쮸 키즈 소파 (히포)', 140000, 
    '품명 및 모델명:쮸 키즈 소파 (히포),KC 인증필 유무:상품상세설명 참조,크기/중량 (㎝/㎏):상품상세설명 참조,색상:상품상세설명 참조,재질:상품상세설명 참조', default);
insert into item_image values(seq_item_image.nextval, 27, 'IMG01', 'cchuu-main.jfif', 'cchuu-main.jfif');
insert into item_image values(seq_item_image.nextval, 27, 'IMG05', 'cchuu-info.jpg', 'cchuu-info.jpg');

insert into item values(seq_item.nextval, 'CT02', 5, 'CAM', '파파나나(접이식 아기식탁의자)', 329000, 
    '품명 및 모델명:깜 파파나나(접이식 아기식탁의자),KC 인증필 유무:CB081T020-8001,크기/중량 (㎝/㎏):상세페이지 참조,색상:그레이,재질:알루미늄', default);
insert into item_image values(seq_item_image.nextval, 28, 'IMG01', 'papa-main.jfif', 'papa-main.jfif');
insert into item_image values(seq_item_image.nextval, 28, 'IMG05', 'papa-info.jpg', 'papa-info.jpg');

insert into item values(seq_item.nextval, 'CT02', 1, '디트로네', '디트로네L 전동차', 685600, 
    '품명 및 모델명:디트로네L,KC 인증필 유무:TR-E1608-017,크기/중량 (㎝/㎏):상세페이지 참조,색상:블랙,재질:상세페이지 참조', default);
insert into item_image values(seq_item_image.nextval, 29, 'IMG01', 'dit-main.jfif', 'dit-main.jfif');
insert into item_image values(seq_item_image.nextval, 29, 'IMG02', 'dit-sub1.jfif', 'dit-sub1.jfif');
insert into item_image values(seq_item_image.nextval, 29, 'IMG03', 'dit-sub2.jfif', 'dit-sub2.jfif');
insert into item_image values(seq_item_image.nextval, 29, 'IMG04', 'dit-sub3.jfif', 'dit-sub3.jfif');
insert into item_image values(seq_item_image.nextval, 29, 'IMG05', 'dit-info.jpg', 'dit-info.jpg');

insert into item values(seq_item.nextval, 'CT02', 1, 'TTITTI', '띠띠카베드 자동차침대 GTS', 970400, 
    '품명 및 모델명:GTS,KC 인증필 유무:SU17-00014,크기/중량 (㎝/㎏):프레임 - 127*220*80(cm),색상:레드,재질:ABS 플라스틱', default);
insert into item_image values(seq_item_image.nextval, 30, 'IMG01', 'carbed-main.jfif', 'carbed-main.jfif');
insert into item_image values(seq_item_image.nextval, 30, 'IMG05', 'carbed-info.jpg', 'carbed-info.jpg');

insert into item values(seq_item.nextval, 'CT02', 1, '실버크로스', '발모랄 유모차', 2902800, 
    '품명 및 모델명:실버크로스 발모랄 유모차,KC 인증필 유무:상세페이지 참조,크기/중량 (㎝/㎏):53x133x124cm/37kg,색상:화이트,재질:상세페이지 참조', default);
insert into item_image values(seq_item_image.nextval, 31, 'IMG01', 'balmo-main.jfif', 'balmo-main.jfif');
insert into item_image values(seq_item_image.nextval, 31, 'IMG02', 'balmo-sub1.jfif', 'balmo-sub1.jfif');
insert into item_image values(seq_item_image.nextval, 31, 'IMG05', 'balmo-info.png', 'balmo-info.png');

insert into item values(seq_item.nextval, 'CT02', 5, 'Stokke', '스토케 스쿠트 유모차', 890000, 
    '품명 및 모델명:스토케 스쿠트 유모차,KC 인증필 유무:CB131T007-6001,크기/중량 (㎝/㎏):75x111x55cm / 12.8kg,색상:상세페이지 참조,재질:플라스틱/알루미늄', default);
insert into item_image values(seq_item_image.nextval, 32, 'IMG01', 'stoke-main.jfif', 'stoke-main.jfif');
insert into item_image values(seq_item_image.nextval, 32, 'IMG02', 'stoke-sub1.jfif', 'stoke-sub1.jfif');
insert into item_image values(seq_item_image.nextval, 32, 'IMG03', 'stoke-sub2.jfif', 'stoke-sub2.jfif');
insert into item_image values(seq_item_image.nextval, 32, 'IMG04', 'stoke-sub3.jfif', 'stoke-sub3.jfif');
insert into item_image values(seq_item_image.nextval, 32, 'IMG05', 'stoke-info.jpg', 'stoke-info.jpg');

insert into item values(seq_item.nextval, 'CT02', 15, '모블로', '모블로 코딩교구 주니어패키지', 75000, 
    '품명 및 모델명:모블로 5X5 주니어패키지,KC 인증필 유무:CB063A070-6001,크기/중량 (㎝/㎏):28*28*0.3,색상:해당없음,재질:상세페이지 참조', default);
insert into item_image values(seq_item_image.nextval, 33, 'IMG01', 'mob-main.jfif', 'mob-main.jfif');
insert into item_image values(seq_item_image.nextval, 33, 'IMG02', 'mob-sub1.jfif', 'mob-sub1.jfif');
insert into item_image values(seq_item_image.nextval, 33, 'IMG05', 'mob-info.jpg', 'mob-info.jpg');

insert into item values(seq_item.nextval, 'CT02', 10, '폴레드', '볼픽스 프로 주니어카시트(ISOFIX)', 232800, 
    '품명 및 모델명:폴레드 볼픽스 프로 주니어카시트(ISOFIX),KC 인증필 유무:CA031M001-7002,크기/중량 (㎝/㎏):530x420x580mm / 8.2kg,색상:보헤미안그레이,재질:컨텐츠 참조', default);
insert into item_image values(seq_item_image.nextval, 34, 'IMG01', 'bol-main.jfif', 'bol-main.jfif');
insert into item_image values(seq_item_image.nextval, 34, 'IMG02', 'bol-sub1.jfif', 'bol-sub1.jfif');
insert into item_image values(seq_item_image.nextval, 34, 'IMG05', 'bol-info.jpg', 'bol-info.jpg');

insert into item values(seq_item.nextval, 'CT02', 15, 'ergobaby', '옴니360 쿨에어(아기띠)', 210000, 
    '품명 및 모델명:에르고베이비 옴니360 쿨에어(아기띠),KC 인증필 유무:CB161R009-7006,크기/중량 (㎝/㎏):어깨끈 73-119cm/허리끈 66-140cm,색상:상세페이지 참조,재질:폴리에스터 100%', default);
insert into item_image values(seq_item_image.nextval, 35, 'IMG01', 'omni-main.jfif', 'omni-main.jfif');
insert into item_image values(seq_item_image.nextval, 35, 'IMG05', 'omni-info.jpg', 'omni-info.jpg');

insert into item values(seq_item.nextval, 'CT02', 10, 'Stokke', '젯키즈 베드박스', 226100, 
    '품명 및 모델명:스토케 젯키즈 베드박스,KC 인증필 유무:CB061W063-8001,크기/중량 (㎝/㎏):46cm 36cm 20cm 2.5kg,색상:블루스카이,재질:ABS 외', default);
insert into item_image values(seq_item_image.nextval, 36, 'IMG01', 'jet-main.jfif', 'jet-main.jfif');
insert into item_image values(seq_item_image.nextval, 36, 'IMG05', 'jet-info.jpg', 'jet-info.jpg');

insert into item values(seq_item.nextval, 'CT02', 8, 'doona', '리키 트라이크 접이식 세발자전거', 356900, 
    '품명 및 모델명:두나 리키 트라이크,KC 인증필 유무:CB071R032-9001,크기/중량 (㎝/㎏):가로50* 세로102.5 * 높이94,색상:레드,재질:알루미늄', default);
insert into item_image values(seq_item_image.nextval, 37, 'IMG01', 'liki-main.jfif', 'liki-main.jfif');
insert into item_image values(seq_item_image.nextval, 37, 'IMG02', 'liki-sub1.jfif', 'liki-sub1.jfif');
insert into item_image values(seq_item_image.nextval, 37, 'IMG03', 'liki-sub2.jfif', 'liki-sub2.jfif');
insert into item_image values(seq_item_image.nextval, 37, 'IMG05', 'liki-info.jpg', 'liki-info.jpg');

insert into item values(seq_item.nextval, 'CT02', 10, 'chillafish', '비엠엑스아이2 밸런스바이크', 101500, 
    '품명 및 모델명:비엠엑스아이2 밸런스바이크,KC 인증필 유무:B361R6439-5003,크기/중량 (㎝/㎏):80*44*47(cm),색상:커맨더 인 피스,재질:프레임(F.R.P)', default);
insert into item_image values(seq_item_image.nextval, 38, 'IMG01', 'bmx-main.jfif', 'bmx-main.jfif');
insert into item_image values(seq_item_image.nextval, 38, 'IMG05', 'bmx-info.jpg', 'bmx-info.jpg');

insert into item values(seq_item.nextval, 'CT02', 5, '실버크로스', '팝듀오(Pop duo) 유모차', 409000, 
    '품명 및 모델명:팝 듀오,KC 인증필 유무:B531R020-9010,크기/중량 (㎝/㎏):75x76x107cm / 12.2kg,색상:블랙,재질:알루미늄', default);
insert into item_image values(seq_item_image.nextval, 39, 'IMG01', 'pop-main.jfif', 'pop-main.jfif');
insert into item_image values(seq_item_image.nextval, 39, 'IMG02', 'pop-sub1.jfif', 'pop-sub1.jfif');
insert into item_image values(seq_item_image.nextval, 39, 'IMG05', 'pop-info.jpg', 'pop-info.jpg');

insert into item values(seq_item.nextval, 'CT02', 10, '필립스', '아벤트 이유식 마스터 에센셜', 105800, 
    '품명 및 모델명:필립스 아벤트 이유식 마스터 에센셜,KC 인증필 유무:SU071950-17001,크기/중량 (㎝/㎏):28*21*15 (cm),색상:커상세페이지 참조,재질:상세페이지 참조', default);
insert into item_image values(seq_item_image.nextval, 40, 'IMG01', 'avent-main.jfif', 'avent-main.jfif');
insert into item_image values(seq_item_image.nextval, 40, 'IMG05', 'avent-info.jpg', 'avent-info.jpg');

insert into item values(seq_item.nextval, 'CT02', 15, '마마스앤파파스', '베이비버드 부스터 이유식의자', 73600, 
    '품명 및 모델명:마마스앤파파스 베이비 버드,KC 인증필 유무:CB081R111-8001,크기/중량 (㎝/㎏):상세페이지 참조,색상:상세페이지 참조,재질:상세페이지 참조', default);
insert into item_image values(seq_item_image.nextval, 41, 'IMG01', 'bird-main.jfif', 'bird-main.jfif');
insert into item_image values(seq_item_image.nextval, 41, 'IMG02', 'bird-sub1.jfif', 'bird-sub1.jfif');
insert into item_image values(seq_item_image.nextval, 41, 'IMG05', 'bird-info.jpg', 'bird-info.jpg');

--============================
--상품/이미지 추가: CT04 운동-최종
--============================
insert into item values(seq_item.nextval, 'CT04', 4, '노르드', '워터로워 로잉머신', 2563200,
    '품명 및 모델명:워터로워 로잉머신, KC 인증필 유무:상세페이지 참조, 크기/중량 (㎝/㎏):210 * 56 * 53 / 30kg,색상:오크,재질:애쉬나무 외', default);
insert into item_image values(seq_item_image.nextval, 42, 'IMG01', 'water-main.jpg', 'water-main.jpg');
insert into item_image values(seq_item_image.nextval, 42, 'IMG02', 'water-sub1.jpg', 'water-sub1.jpg');
insert into item_image values(seq_item_image.nextval, 42, 'IMG03', 'water-sub2.jpg', 'water-sub2.jpg');
insert into item_image values(seq_item_image.nextval, 42, 'IMG04', 'water-sub3.jpg', 'water-sub3.jpg');
insert into item_image values(seq_item_image.nextval, 42, 'IMG05', 'water-info.jpg', 'water-info.jpg');
insert into item values(seq_item.nextval, 'CT04', 6, '숀리', '2019 NEW 숀리 엑스바이크 x10 엑스텐', 199000,
    '품명 및 모델명:2019 NEW 숀리 엑스바이크 x10 엑스텐, KC 인증필 유무:상세페이지 참조, 크기/중량 (㎝/㎏):1080x530x1160mm/19.2KG,색상:블랙,재질:STEEL+PP', default);
insert into item_image values(seq_item_image.nextval, 43, 'IMG01', 'sean-main.jpg', 'sean-main.jpg');
insert into item_image values(seq_item_image.nextval, 43, 'IMG02', 'sean-sub1.jpg', 'sean-sub1.jpg');
insert into item_image values(seq_item_image.nextval, 43, 'IMG03', 'sean-sub2.jpg', 'sean-sub2.jpg');
insert into item_image values(seq_item_image.nextval, 43, 'IMG04', 'sean-sub3.jpg', 'sean-sub3.jpg');
insert into item_image values(seq_item_image.nextval, 43, 'IMG05', 'sean-info.jpg', 'sean-info.jpg');
insert into item values(seq_item.nextval, 'CT04', 12, '이고진', '가정용 바디슬리머 1310 렌탈권', 147000,
    '품명 및 모델명:바디슬리머 1310, KC 인증필 유무:상세페이지 참조, 크기/중량 (㎝/㎏):615*360*115 / 16.6,색상:상세페이지 참조,재질:상세페이지 참조', default);
insert into item_image values(seq_item_image.nextval, 44, 'IMG01', 'slimer-main.jpg', 'slimer-main.jpg');
insert into item_image values(seq_item_image.nextval, 44, 'IMG02', 'slimer-sub1.jpg', 'slimer-sub1.jpg');
insert into item_image values(seq_item_image.nextval, 44, 'IMG03', 'slimer-sub2.jpg', 'slimer-sub2.jpg');
insert into item_image values(seq_item_image.nextval, 44, 'IMG05', 'slimer-info.jpg', 'slimer-info.jpg');
insert into item values(seq_item.nextval, 'CT04', 12, 'HEAD', '다이어트 세트', 35000,
    '품명 및 모델명:헤드 다이어트 세트, KC 인증필 유무:상세페이지 참조, 크기/중량 (㎝/㎏):상세페이지 참조,색상:상세페이지 참조,재질:상세페이지 참조', default);
insert into item_image values(seq_item_image.nextval, 45, 'IMG01', 'head-main.jpg', 'head-main.jpg');
insert into item_image values(seq_item_image.nextval, 45, 'IMG02', 'head-sub1.jpg', 'head-sub1.jpg');
insert into item_image values(seq_item_image.nextval, 45, 'IMG03', 'head-sub2.jpg', 'head-sub2.jpg');
insert into item_image values(seq_item_image.nextval, 45, 'IMG04', 'head-sub3.jpg', 'head-sub3.jpg');
insert into item_image values(seq_item_image.nextval, 45, 'IMG05', 'head-info.jpg', 'head-info.jpg');
insert into item values(seq_item.nextval, 'CT04', 12, '업앤셰이프', '요가 세트', 14700,
    '품명 및 모델명:업엔쉐이프 요가 세트, KC 인증필 유무:상세페이지 참조, 크기/중량 (㎝/㎏):상세페이지 참조,색상:상세페이지 참조,재질:상세페이지 참조', default);
insert into item_image values(seq_item_image.nextval, 46, 'IMG01', 'yoga-main.jpg', 'yoga-main.jpg');
insert into item_image values(seq_item_image.nextval, 46, 'IMG02', 'yoga-sub1.jpg', 'yoga-sub1.jpg');
insert into item_image values(seq_item_image.nextval, 46, 'IMG03', 'yoga-sub2.jpg', 'yoga-sub2.jpg');
insert into item_image values(seq_item_image.nextval, 46, 'IMG04', 'yoga-sub3.jpg', 'yoga-sub3.jpg');
insert into item_image values(seq_item_image.nextval, 46, 'IMG05', 'yoga-info.jpg', 'yoga-info.jpg');
insert into item values(seq_item.nextval, 'CT04', 12, '오씸', '승마운동기 uGallopIV', 1130000,
    '품명 및 모델명:승마 운동기 uGallop, KC 인증필 유무:상세페이지 참조, 크기/중량 (㎝/㎏):80 * 37 * 70 / 29kg,색상:멀티,재질:상세페이지 참조', default);
insert into item_image values(seq_item_image.nextval, 47, 'IMG01', 'horse-main.jpg', 'horse-main.jpg');
insert into item_image values(seq_item_image.nextval, 47, 'IMG02', 'horse-sub1.jpg', 'horse-sub1.jpg');
insert into item_image values(seq_item_image.nextval, 47, 'IMG03', 'horse-sub2.jpg', 'horse-sub2.jpg');
insert into item_image values(seq_item_image.nextval, 47, 'IMG04', 'horse-sub3.jpg', 'horse-sub3.jpg');
insert into item_image values(seq_item_image.nextval, 47, 'IMG05', 'horse-info.jpg', 'horse-info.jpg');
insert into item values(seq_item.nextval, 'CT04', 3, '인바디', '인바디 밴드 2 new', 229600,
    '품명 및 모델명:인바디 밴드 2 new, KC 인증필 유무:ZU10513-16001, 크기/중량 (㎝/㎏):18cm * 42cm * 10cm,색상:상세페이지 참조,재질:상세페이지 참조', default);
insert into item_image values(seq_item_image.nextval, 48, 'IMG01', 'band-main.jpg', 'band-main.jpg');
insert into item_image values(seq_item_image.nextval, 48, 'IMG02', 'band-sub1.jpg', 'band-sub1.jpg');
insert into item_image values(seq_item_image.nextval, 48, 'IMG02', 'band-sub2.jpg', 'band-sub2.jpg');
insert into item_image values(seq_item_image.nextval, 48, 'IMG05', 'band-info.jpg', 'band-info.jpg');
insert into item values(seq_item.nextval, 'CT04', 3, '보이스캐디', '골프 레이저 거리측정기 L4', 360000,
    '품명 및 모델명:보이스캐디 L4,KC 인증필 유무:상세페이지 참조,크기/중량 (㎝/㎏):가로 37.8mm 세로 108mm높이 72mm 무게 199g,색상:상세페이지 참조,재질:상세페이지 참조', default);
insert into item_image values(seq_item_image.nextval, 49, 'IMG01', 'golf-main.jpg', 'golf-main.jpg');
insert into item_image values(seq_item_image.nextval, 49, 'IMG02', 'golf-sub1.jpg', 'golf-sub1.jpg');
insert into item_image values(seq_item_image.nextval, 49, 'IMG03', 'golf-sub2.jpg', 'golf-sub2.jpg');
insert into item_image values(seq_item_image.nextval, 49, 'IMG05', 'golf-info.jpg', 'golf-info.jpg');
insert into item values(seq_item.nextval, 'CT04', 3, '가민', '엣지 1030', 950000,
    '품명 및 모델명:GARMIN EDGE 1030,KC 인증필 유무:상세페이지 참조,크기/중량 (㎝/㎏):상세페이지 참조,색상:블랙,재질:상세페이지 참조', default);
insert into item_image values(seq_item_image.nextval, 50, 'IMG01', 'edge-main.jpg', 'edge-main.jpg');
insert into item_image values(seq_item_image.nextval, 50, 'IMG02', 'edge-sub1.jpg', 'edge-sub1.jpg');
insert into item_image values(seq_item_image.nextval, 50, 'IMG03', 'edge-sub2.jpg', 'edge-sub2.jpg');
insert into item_image values(seq_item_image.nextval, 50, 'IMG04', 'edge-sub2.jpg', 'edge-sub2.jpg');
insert into item_image values(seq_item_image.nextval, 50, 'IMG05', 'edge-info.jpg', 'edge-info.jpg');


--============================
-- 상품/이미지 추가: CT05 여행-최종
--============================
insert into item values(seq_item.nextval, 'CT05', 1, '만다리나덕', '캐리어 LOGO DUCK 21인치(기내용)', 292600,
    '품명 및 모델명:만다라덕 LOGO DUCK 21인치(기내용),KC 인증필 유무:상세페이지참조,크기/중량 (㎝/㎏):38 x 53.5 x 22(27) (가로 x 높이 x 폭 (확장시) /cm) 2.7kg,색상:그레이,재질:폴리카보네이트 100%', default);
insert into item_image values(seq_item_image.nextval, 51, 'IMG01', 'duck-main.jpg', 'duck-main.jpg');
insert into item_image values(seq_item_image.nextval, 51, 'IMG02', 'duck-sub1.jpg', 'duck-sub1.jpg');
insert into item_image values(seq_item_image.nextval, 51, 'IMG03', 'duck-sub2.jpg', 'duck-sub2.jpg');
insert into item_image values(seq_item_image.nextval, 51, 'IMG04', 'duck-sub3.jpg', 'duck-sub3.jpg');
insert into item_image values(seq_item_image.nextval, 51, 'IMG05', 'duck-info.jpg', 'duck-info.jpg');

insert into item values(seq_item.nextval, 'CT05', 3, 'FUJIFILM', '카메라 X-T30 / 렌즈(18-55mm)', 3417000,
    '품명 및 모델명:X-T30 18-55mm Kit,KC 인증필 유무:R-C-FEI-FF-FF180006,크기/중량:상세페이지참조,색상:스페이스그레이,재질:상세페이지 참조', default);
insert into item_image values(seq_item_image.nextval, 52, 'IMG01', 'fuzi-main.jpg', 'fuzi-main.jpg');
insert into item_image values(seq_item_image.nextval, 52, 'IMG02', 'fuzi-sub1.jpg', 'fuzi-sub1.jpg');
insert into item_image values(seq_item_image.nextval, 52, 'IMG03', 'fuzi-sub2.jpg', 'fuzi-sub2.jpg');
insert into item_image values(seq_item_image.nextval, 52, 'IMG05', 'fuzi-info.jpg', 'fuzi-info.jpg');

insert into item values(seq_item.nextval, 'CT05', 1, '제로할리버튼', 'ZRP-G 폴리카보네이트 28인치 건메탈',5391000,
    '품명 및 모델명:ZRP-G 폴리카보네이트 28인치 건메탈,KC 인증필 유무:상품 상세페이지 참조,크기/중량:상세페이지참조,색상:블랙,재질:폴리카보네이트+나일론', default); 
insert into item_image values(seq_item_image.nextval, 53, 'IMG01', 'metal-main.jpg', 'metal-main.jpg');
insert into item_image values(seq_item_image.nextval, 53, 'IMG02', 'metal-sub1.jpg', 'metal-sub1.jpg');
insert into item_image values(seq_item_image.nextval, 53, 'IMG03', 'metal-sub2.jpg', 'metal-sub2.jpg');
insert into item_image values(seq_item_image.nextval, 53, 'IMG04', 'metal-sub3.jpg', 'metal-sub3.jpg');
insert into item_image values(seq_item_image.nextval, 53, 'IMG05', 'metal-info.jpg', 'metal-info.jpg');

insert into item values(seq_item.nextval, 'CT05', 5, '고프로', '히어로6세트',450000,
    '품명 및 모델명:GoPro HERO6 Black,KC 인증필 유무:상품 상세페이지 참조,크기/중량:상세페이지참조,색상:블랙,재질:플라스틱 외', default);   
insert into item_image values(seq_item_image.nextval, 54, 'IMG01', 'pro6-main.png', 'pro6-main.png');
insert into item_image values(seq_item_image.nextval, 54, 'IMG02', 'pro6-sub1.png', 'pro6-sub1.png');
insert into item_image values(seq_item_image.nextval, 54, 'IMG03', 'pro6-sub2.png', 'pro6-sub2.png');
insert into item_image values(seq_item_image.nextval, 54, 'IMG05', 'pro6-info.jpg', 'pro6-info.jpg');

insert into item values(seq_item.nextval, 'CT05', 3, '컨스필드', '스탠드업 패들보드',300000,
    '품명 및 모델명:그린 트로피칼 스탠드업 패들 보드,KC 인증필 유무:상품 상세페이지 참조,크기/중량:상세페이지참조,색상:멀티,재질:150mm 공간지', default);
insert into item_image values(seq_item_image.nextval, 55, 'IMG01', 'suff-main.jpg', 'suff-main.jpg');
insert into item_image values(seq_item_image.nextval, 55, 'IMG02', 'suff-sub1.jpg', 'suff-sub1.jpg');
insert into item_image values(seq_item_image.nextval, 55, 'IMG03', 'suff-sub2.jpg', 'suff-sub2.jpg');
insert into item_image values(seq_item_image.nextval, 55, 'IMG04', 'suff-sub3.jpg', 'suff-sub3.jpg');
insert into item_image values(seq_item_image.nextval, 55, 'IMG05', 'suff-info.jpg', 'suff-info.jpg');

insert into item values(seq_item.nextval, 'CT05', 3, 'MANFROTTO', '삼각대 비프리 GT 알루미늄 4단',87990,
    '품명 및 모델명:MKBFRTA4GT-BH,KC 인증필 유무:무,크기/중량:상세페이지참조,색상:상세페이지참조,재질:430 / 1.55kg', default);
insert into item_image values(seq_item_image.nextval, 56, 'IMG01', 'sam-main.jpg', 'sam-main.jpg');
insert into item_image values(seq_item_image.nextval, 56, 'IMG02', 'sam-sub1.jpg', 'sam-sub1.jpg');
insert into item_image values(seq_item_image.nextval, 56, 'IMG03', 'sam-sub2.jpg', 'sam-sub2.jpg');
insert into item_image values(seq_item_image.nextval, 56, 'IMG04', 'sam-sub3.jpg', 'sam-sub3.jpg');
insert into item_image values(seq_item_image.nextval, 56, 'IMG05', 'sam-info.jpg', 'sam-info.jpg');

insert into item values(seq_item.nextval, 'CT05', 1, '컨스필드', '블루 필로리브스 스킴보드',150000,
    '품명 및 모델명:블루 필로리브스 스킴보드 S,KC 인증필 유무:상품 상세페이지 참조,크기/중량:상세페이지참조,색상:멀티,재질:FRP', default);
insert into item_image values(seq_item_image.nextval, 57, 'IMG01', 'cons-main.jpg', 'cons-main.jpg');
insert into item_image values(seq_item_image.nextval, 57, 'IMG02', 'cons-sub1.jpg', 'cons-sub1.jpg');
insert into item_image values(seq_item_image.nextval, 57, 'IMG03', 'cons-sub2.jpg', 'cons-sub2.jpg');
insert into item_image values(seq_item_image.nextval, 57, 'IMG04', 'cons-sub3.jpg', 'cons-sub3.jpg');
insert into item_image values(seq_item_image.nextval, 57, 'IMG05', 'cons-info.jpg', 'cons-info.jpg');

insert into item values(seq_item.nextval, 'CT05', 8, 'Nikon', '삼각대 니콘 AA-738',83000,
    '품명 및 모델명:AA-738,KC 인증필 유무:해당사항없음,크기/중량:상세페이지참조,색상:상세페이지참조,재질:해당사항없음', default);
insert into item_image values(seq_item_image.nextval, 58, 'IMG01', 'nikon-main.jpg', 'nikon-main.jpg');
insert into item_image values(seq_item_image.nextval, 58, 'IMG02', 'nikon-sub1.jpg', 'nikon-sub1.jpg');
insert into item_image values(seq_item_image.nextval, 58, 'IMG05', 'nikon-info.jpg', 'nikon-info.jpg');

insert into item values(seq_item.nextval, 'CT05', 6, '하트만', '하트만 캐리어 7R 스피너',224700,
    '품명 및 모델명:하트만 캐리어 7R 스피너,KC 인증필 유무:해당사항없음,크기/중량:상세페이지참조,색상:상세페이지참조,재질:95% CURV + 5% LEATHER', default);
insert into item_image values(seq_item_image.nextval, 59, 'IMG01', 'man-main.jpg', 'man-main.jpg');
insert into item_image values(seq_item_image.nextval, 59, 'IMG02', 'man-sub1.jpg', 'man-sub1.jpg');
insert into item_image values(seq_item_image.nextval, 59, 'IMG03', 'man-sub2.jpg', 'man-sub2.jpg');
insert into item_image values(seq_item_image.nextval, 59, 'IMG04', 'man-sub3.jpg', 'man-sub3.jpg');
insert into item_image values(seq_item_image.nextval, 59, 'IMG05', 'man-info.jpg', 'man-info.jpg'); 

insert into item values(seq_item.nextval, 'CT05', 3, 'Nikon', '카메라 DSLR D5600',483700,
    '품명 및 모델명:AF-P18-55VR,KC 인증필 유무:상세페이지참조,크기/중량:상세페이지참조,색상:상세페이지참조,재질:상세페이지참조', default);
insert into item_image values(seq_item_image.nextval, 60, 'IMG01', 'kon-main.jpg', 'kon-main.jpg');
insert into item_image values(seq_item_image.nextval, 60, 'IMG02', 'kon-sub1.jpg', 'kon-sub1.jpg');
insert into item_image values(seq_item_image.nextval, 60, 'IMG03', 'kon-sub2.jpg', 'kon-sub2.jpg');
insert into item_image values(seq_item_image.nextval, 60, 'IMG04', 'kon-sub3.jpg', 'kon-sub3.jpg');
insert into item_image values(seq_item_image.nextval, 60, 'IMG05', 'kon-info.jpg', 'kon-info.jpg');

--============================
--상품/이미지 추가: CT03 파티 테스트-최종
--============================
insert into item values(seq_item.nextval, 'CT03', 4, 'FUJIFILM', '인스탁스 스퀘어 SQ6', 129000,
    '품명 및 모델명:인스탁스 스퀘어 SQ6, KC 인증필 유무:R-REI-kFF-InstaxSQ6, 크기/중량 (㎝/㎏):118.7mm * 128.1mm * 58.1mm / 393g', to_date('2019-09-05', 'yyyy-mm-dd'));
insert into item_image values(seq_item_image.nextval, 61, 'IMG01', 'instaxsq6-main.jpg', 'instaxsq6-main.jpg');
insert into item_image values(seq_item_image.nextval, 61, 'IMG02', 'instaxsq6-sub1.jpg', 'instaxsq6-sub1.jpg');
insert into item_image values(seq_item_image.nextval, 61, 'IMG03', 'instaxsq6-sub2.jpg', 'instaxsq6-sub2.jpg');
insert into item_image values(seq_item_image.nextval, 61, 'IMG04', 'instaxsq6-sub3.jpg', 'instaxsq6-sub3.jpg');
insert into item_image values(seq_item_image.nextval, 61, 'IMG05', 'instaxsq6-info.jpg', 'instaxsq6-info.jpg');
insert into item values(seq_item.nextval, 'CT03', 2, 'FUJIFILM', 'X-E3(18~55)+케이스', 329000,
    '품명 및 모델명:X-E3(18~55)+케이스, KC 인증필 유무:MSIP-CMI-FEI-FF-FF170001, 크기/중량 (㎝/㎏):상품 상세페이지 참조', to_date('2019-10-05', 'yyyy-mm-dd'));
insert into item_image values(seq_item_image.nextval, 62, 'IMG01', 'X-E3-main.png', 'X-E3-main.png');
insert into item_image values(seq_item_image.nextval, 62, 'IMG02', 'X-E3-sub1.png', 'X-E3-sub1.png');
insert into item_image values(seq_item_image.nextval, 62, 'IMG03', 'X-E3-sub2.png', 'X-E3-sub2.png');
insert into item_image values(seq_item_image.nextval, 62, 'IMG04', 'X-E3-sub3.png', 'X-E3-sub3.png');
insert into item_image values(seq_item_image.nextval, 62, 'IMG05', 'X-E3-info.jpg', 'X-E3-info.jpg');
insert into item values(seq_item.nextval, 'CT03', 3, 'FUJIFILM', '인스탁스 쉐어 SP-3(스퀘어필름용)', 89000,
    '품명 및 모델명:인스탁스 쉐어 SP-3, KC 인증필 유무:R-REI-kFF-InstaxSQ6, 크기/중량 (㎝/㎏):116 x 130.5 x 44.4mm / 312g', to_date('2019-11-05', 'yyyy-mm-dd'));
insert into item_image values(seq_item_image.nextval, 63, 'IMG01', 'INSTAXSHARESP3-main.jpg', 'INSTAXSHARESP3-main.jpg');
insert into item_image values(seq_item_image.nextval, 63, 'IMG02', 'INSTAXSHARESP3-sub1.jpg', 'INSTAXSHARESP3-sub1.jpg');
insert into item_image values(seq_item_image.nextval, 63, 'IMG03', 'INSTAXSHARESP3-sub2.jpg', 'INSTAXSHARESP3-sub2.jpg');
insert into item_image values(seq_item_image.nextval, 63, 'IMG04', 'INSTAXSHARESP3-sub3.jpg', 'INSTAXSHARESP3-sub3.jpg');
insert into item_image values(seq_item_image.nextval, 63, 'IMG05', 'INSTAXSHARESP3-info.jpg', 'INSTAXSHARESP3-info.jpg');
insert into item values(seq_item.nextval, 'CT03', 2, 'FUJIFILM', '카메라 렌즈 XF80mmF2.8 R LM OIS WR', 1289000,
    '품명 및 모델명:XF80mmF2.8 R LM OIS WR Macro, KC 인증필 유무:무, 크기/중량 (㎝/㎏):상세페이지 참조', to_date('2019-12-05', 'yyyy-mm-dd'));
insert into item_image values(seq_item_image.nextval, 64, 'IMG01', 'XF80mmF2.8-main.png', 'XF80mmF2.8-main.png');
insert into item_image values(seq_item_image.nextval, 64, 'IMG02', 'XF80mmF2.8-sub1.png', 'XF80mmF2.8-sub1.png');
insert into item_image values(seq_item_image.nextval, 64, 'IMG05', 'XF80mmF2.8-info.jpg', 'XF80mmF2.8-info.jpg');
insert into item values(seq_item.nextval, 'CT03', 4, '제로할리버튼', '캐리어 ZRP-G 28인치', 179000,
    '품명 및 모델명:캐리어 ZRP-G, KC 인증필 유무:R-REI-kFF-InstaxSQ6, 크기/중량 (㎝/㎏):72cm*51cm*25cm', to_date('2019-11-12', 'yyyy-mm-dd'));
insert into item_image values(seq_item_image.nextval, 65, 'IMG01', 'ZRPG-main.jpg', 'ZRPG-main.jpg');
insert into item_image values(seq_item_image.nextval, 65, 'IMG02', 'ZRPG-sub1.jpg', 'ZRPG-sub1.jpg');
insert into item_image values(seq_item_image.nextval, 65, 'IMG03', 'ZRPG-sub2.jpg', 'ZRPG-sub2.jpg');
insert into item_image values(seq_item_image.nextval, 65, 'IMG04', 'ZRPG-sub3.jpg', 'ZRPG-sub3.jpg');
insert into item_image values(seq_item_image.nextval, 65, 'IMG05', 'ZRPG-info.jpg', 'ZRPG-info.jpg');

--============================
--상품/이미지 추가: CT06 캠핑 테스트-최종
--============================
insert into item values(seq_item.nextval, 'CT06', 2, '캠퍼몬스터', '릴렉스체어', 87000,
    '품명 및 모델명:릴렉스체어, KC 인증필 유무:무, 크기/중량 (㎝/㎏):51cm*54cm*103cm / 1.8kg, 색상:black', to_date('2019-07-17', 'yyyy-mm-dd'));
insert into item_image values(seq_item_image.nextval, 66, 'IMG01', 'relaxchair-main.png', 'relaxchair-main.png');
insert into item_image values(seq_item_image.nextval, 66, 'IMG02', 'relaxchair-sub1.png', 'relaxchair-sub1.png');
insert into item_image values(seq_item_image.nextval, 66, 'IMG03', 'relaxchair-sub2.png', 'relaxchair-sub2.png');
insert into item_image values(seq_item_image.nextval, 66, 'IMG05', 'relaxchair-info.png', 'relaxchair-info.png');
insert into item values(seq_item.nextval, 'CT06', 3, '캠퍼몬스터', '듀얼 렉타 타프', 179000,
    '품명 및 모델명:듀얼 렉타 타프, KC 인증필 유무:무, 크기/중량 (㎝/㎏):50cm*25cm / 2kg, 색상:black/pink', to_date('2019-08-17', 'yyyy-mm-dd'));
insert into item_image values(seq_item_image.nextval, 67, 'IMG01', 'dualrecta-main.png', 'dualrecta-main.png');
insert into item_image values(seq_item_image.nextval, 67, 'IMG02', 'dualrecta-sub1.png', 'dualrecta-sub1.png');
insert into item_image values(seq_item_image.nextval, 67, 'IMG03', 'dualrecta-sub2.png', 'dualrecta-sub2.png');
insert into item_image values(seq_item_image.nextval, 67, 'IMG05', 'dualrecta-info.png', 'dualrecta-info.png');
insert into item values(seq_item.nextval, 'CT06', 4, 'Pacific', 'CITY TRAILER 자전거 트레일러', 53800,
    '품명 및 모델명:CITY TRAILER 자전거 트레일러, KC 인증필 유무:무, 크기/중량 (㎝/㎏):75cm * 55cm * 15cm / 5kg, 색상:black', to_date('2019-09-17', 'yyyy-mm-dd'));
insert into item_image values(seq_item_image.nextval, 68, 'IMG01', 'citytrailer-main.jpg', 'citytrailer-main.jpg');
insert into item_image values(seq_item_image.nextval, 68, 'IMG02', 'citytrailer-sub1.jpg', 'citytrailer-sub1.jpg');
insert into item_image values(seq_item_image.nextval, 68, 'IMG03', 'citytrailer-sub2.jpg', 'citytrailer-sub2.jpg');
insert into item_image values(seq_item_image.nextval, 68, 'IMG04', 'citytrailer-sub3.jpg', 'citytrailer-sub3.jpg');
insert into item_image values(seq_item_image.nextval, 68, 'IMG05', 'citytrailer-info.png', 'citytrailer-info.png');
insert into item values(seq_item.nextval, 'CT06', 4, '트렁키', '유아용 캐리어 소방차', 69800,
    '품명 및 모델명:트렁키 캐리어, KC 인증필 유무:CB064T017-6001, 크기/중량 (㎝/㎏):46*31*21(cm) / 1.7kg', to_date('2019-10-17', 'yyyy-mm-dd'));
insert into item_image values(seq_item_image.nextval, 69, 'IMG01', 'trunkicarrier-main.jpg', 'trunkicarrier-main.jpg');
insert into item_image values(seq_item_image.nextval, 69, 'IMG02', 'trunkicarrier-sub1.jpg', 'trunkicarrier-sub1.jpg');
insert into item_image values(seq_item_image.nextval, 69, 'IMG03', 'trunkicarrier-sub2.jpg', 'trunkicarrier-sub2.jpg');
insert into item_image values(seq_item_image.nextval, 69, 'IMG04', 'trunkicarrier-sub3.jpg', 'trunkicarrier-sub3.jpg');
insert into item_image values(seq_item_image.nextval, 69, 'IMG05', 'trunkicarrier-info.png', 'trunkicarrier-info.png');
insert into item values(seq_item.nextval, 'CT06', 4, '트렁키', '유아용 캐리어 유니콘', 69800,
    '품명 및 모델명:트렁키 캐리어, KC 인증필 유무:CB064R489-6001, 크기/중량 (㎝/㎏):46*31*21(cm) / 1.7kg', to_date('2019-11-17', 'yyyy-mm-dd'));
insert into item_image values(seq_item_image.nextval, 70, 'IMG01', 'trunkicarrier2-main.jpg', 'trunkicarrier2-main.jpg');
insert into item_image values(seq_item_image.nextval, 70, 'IMG02', 'trunkicarrier2-sub1.jpg', 'trunkicarrier2-sub1.jpg');
insert into item_image values(seq_item_image.nextval, 70, 'IMG03', 'trunkicarrier2-sub2.jpg', 'trunkicarrier2-sub2.jpg');
insert into item_image values(seq_item_image.nextval, 70, 'IMG04', 'trunkicarrier2-sub3.jpg', 'trunkicarrier2-sub3.jpg');
insert into item_image values(seq_item_image.nextval, 70, 'IMG05', 'trunkicarrier2-info.png', 'trunkicarrier2-info.png');



--==============================
--상품Q&A - 기본값 - 최종
--==============================
--상품Q&A 추가
insert into item_qna values(seq_item_qna.nextval, 50, 'abcde', '저희 아이가 36개월인데 혹시 이거 이용하는데 문제 없을까요?', default, sysdate);
insert into item_qna values(seq_item_qna.nextval, 50, 'kimcs', '일대일 문의에도 남겼는데요. 몇일전 렌탈을 했는데 아이가 잘 탈줄알았는데 거부를 해서요ㅜ 취소하고 다른걸로 렌탈해도 될까요? 한번타고 방치 중이에요ㅜㅜ', default, sysdate);
insert into item_qna values(seq_item_qna.nextval, 50, 'kimyh', '어제 밤에 주문했는데 언제 도착할까요?', default, sysdate);

--상품Q&A답변 추가
insert into item_qna_ans values(seq_item_qna_ans.nextval, 1, 'admin', '네 괜찮습니다. 감사합니다.', sysdate);
insert into item_qna_ans values(seq_item_qna_ans.nextval, 2, 'admin', '문의주신 단순변심으로 인한 반품은 개봉(사용)전 경우 배송완료일 포함 7일이내로 접수 가능하나 고객님께선 제품을 사용하신 경우로 반품이 어려운 점 양해 부탁드립니다.', sysdate);


--==============================
--회원 포인트 - 기본값 -최종
--==============================
insert into member_point values(seq_member_point.nextval, 'abcde', 'A', 2000, '가입시 적립', to_date('2019-12-05', 'yyyy-mm-dd'));
insert into member_point values(seq_member_point.nextval, 'abcde', 'A', 500, '구매시 적립',to_date('2019-11-05', 'yyyy-mm-dd') );
insert into member_point values(seq_member_point.nextval, 'abcde', 'U', -1000, '구매시 사용', to_date('2019-10-05', 'yyyy-mm-dd'));
insert into member_point values(seq_member_point.nextval, 'abcde', 'A', 350, '구매시 적립', to_date('2019-09-05', 'yyyy-mm-dd'));
insert into member_point values(seq_member_point.nextval, 'abcde', 'A', 100000, '구매시 적립', to_date('2019-07-05', 'yyyy-mm-dd'));

--==============================
--회원 장바구니 - 기본값 -최종
--==============================
insert into item_cart values(seq_item_cart.nextval, 'abcde', 50, 'RT01', 2);

--==============================
--1:1문의 내역 - 테스트 - 최종
--==============================
--마이페이지 
insert into personal_qna values(seq_personal_qna.nextval, 'abcde' ,'QT01' , '상품문의 할게요', '이 상품 왜 이따구야', default, 'N', null);
insert into personal_qna values(seq_personal_qna.nextval, 'abcde' ,'QT02' , '배송문의 할게요', '이 배송 왜 이따구야', default, 'N', null);
insert into personal_qna values(seq_personal_qna.nextval, 'abcde' ,'QT03' , '기타문의 할게요', '이 기타 왜 이따구야', default, 'N', null);
insert into personal_qna values(seq_personal_qna.nextval, 'abcde' ,'QT03' , 'Y 테스트중', '이 기타 왜 이따구야', default, 'Y', null);

insert into personal_qna values(seq_personal_qna.nextval, 'kimyh' ,'QT01' , '상품문의 할게요', '이 상품 왜 이따구야', default, 'N', null);
insert into personal_qna values(seq_personal_qna.nextval, 'kimyh' ,'QT02' , '배송문의 할게요', '이 배송 왜 이따구야', default, 'N', null);
insert into personal_qna values(seq_personal_qna.nextval, 'kimyh' ,'QT03' , '기타문의 할게요', '이 기타 왜 이따구야', default, 'N', null);

--1:1문의 내역 
--관리자답변
INSERT INTO PERSONAL_QNA_ANS VALUES(seq_personal_qna_ans.nextval, 1, 'admin', default, '네 환불처리 해드리겠습니다.');
INSERT INTO PERSONAL_QNA_ANS VALUES(seq_personal_qna_ans.nextval, 4, 'admin', default, '네 환불처리 해드리겠습니다.');


--==============================
--order_sheet 주문/order_detail 주문상품내역 - 테스트 - 최종
--==============================
insert into order_sheet values(seq_order_sheet.nextval,'abcde',default,'카드','Y',2,30000,default,'고유번호');
update order_detail set item_no = 1, rent_opt_no='RT01', order_quantity=2 where order_detail_no = 1;
update order_detail set item_no = 2, rent_opt_no='RT02', order_quantity=2 where order_detail_no = 2;
insert into order_sheet values(seq_order_sheet.nextval,'abcde',default,'카드','Y',2,30000,default,'고유번호');
update order_detail set item_no = 23, rent_opt_no='RT01', order_quantity=2 where order_detail_no = 3;
update order_detail set item_no = 26, rent_opt_no='RT02', order_quantity=2 where order_detail_no = 4;
insert into order_sheet values(seq_order_sheet.nextval,'kimcs',default,'카드','Y',2,40000,default,'고유번호');
update order_detail set item_no = 43, rent_opt_no='RT01', order_quantity=2 where order_detail_no = 5;
update order_detail set item_no = 46, rent_opt_no='RT02', order_quantity=2 where order_detail_no = 6;
insert into order_sheet values(seq_order_sheet.nextval,'kimyh',default,'카드','Y',2,50000,default,'고유번호');
update order_detail set item_no = 43, rent_opt_no='RT01', order_quantity=2 where order_detail_no = 7;
update order_detail set item_no = 46, rent_opt_no='RT02', order_quantity=2 where order_detail_no = 8;
insert into order_sheet values(seq_order_sheet.nextval,'kimyh',default,'카드','Y',2,50000,default,'고유번호');
update order_detail set item_no = 52, rent_opt_no='RT01', order_quantity=1 where order_detail_no = 9;
update order_detail set item_no = 55, rent_opt_no='RT02', order_quantity=1 where order_detail_no = 10;
insert into order_sheet values(seq_order_sheet.nextval,'kimcs',default,'카드','Y',2,50000,default,'고유번호');
update order_detail set item_no = 61, rent_opt_no='RT01', order_quantity=1 where order_detail_no = 11;
update order_detail set item_no = 62, rent_opt_no='RT02', order_quantity=2 where order_detail_no = 12;
insert into order_sheet values(seq_order_sheet.nextval,'kimcs',default,'카드','Y',2,50000,default,'고유번호');
update order_detail set item_no = 66, rent_opt_no='RT01', order_quantity=1 where order_detail_no = 13;
update order_detail set item_no = 67, rent_opt_no='RT02', order_quantity=1 where order_detail_no = 14;

--연도별 값
insert into order_sheet values(seq_order_sheet.nextval,'kimcs',to_date('2019-12-05', 'yyyy-mm-dd'),'카드','Y',2,50000,default,'고유번호');
insert into order_sheet values(seq_order_sheet.nextval,'kimcs',to_date('2019-11-05', 'yyyy-mm-dd'),'카드','Y',2,90000,default,'고유번호');
insert into order_sheet values(seq_order_sheet.nextval,'kimcs',to_date('2019-10-05', 'yyyy-mm-dd'),'카드','Y',2,80000,default,'고유번호');
insert into order_sheet values(seq_order_sheet.nextval,'kimcs',to_date('2019-09-05', 'yyyy-mm-dd'),'카드','Y',2,70000,default,'고유번호');
insert into order_sheet values(seq_order_sheet.nextval,'kimcs',to_date('2019-08-05', 'yyyy-mm-dd'),'카드','Y',2,60000,default,'고유번호');
insert into order_sheet values(seq_order_sheet.nextval,'kimcs',to_date('2019-07-05', 'yyyy-mm-dd'),'카드','Y',2,50000,default,'고유번호');
insert into order_sheet values(seq_order_sheet.nextval,'kimcs',to_date('2019-06-05', 'yyyy-mm-dd'),'카드','Y',2,40000,default,'고유번호');
insert into order_sheet values(seq_order_sheet.nextval,'kimcs',to_date('2019-05-05', 'yyyy-mm-dd'),'카드','Y',2,90000,default,'고유번호');
insert into order_sheet values(seq_order_sheet.nextval,'kimcs',to_date('2019-05-05', 'yyyy-mm-dd'),'카드','Y',2,90000,default,'고유번호');
insert into order_sheet values(seq_order_sheet.nextval,'kimcs',to_date('2019-04-05', 'yyyy-mm-dd'),'카드','Y',2,10000,default,'고유번호');
insert into order_sheet values(seq_order_sheet.nextval,'kimcs',to_date('2019-03-05', 'yyyy-mm-dd'),'카드','Y',2,80000,default,'고유번호');
insert into order_sheet values(seq_order_sheet.nextval,'kimcs',to_date('2019-03-05', 'yyyy-mm-dd'),'카드','Y',2,80000,default,'고유번호');
insert into order_sheet values(seq_order_sheet.nextval,'kimcs',to_date('2019-02-05', 'yyyy-mm-dd'),'카드','Y',2,70000,default,'고유번호');
insert into order_sheet values(seq_order_sheet.nextval,'kimcs',to_date('2019-02-05', 'yyyy-mm-dd'),'카드','Y',2,70000,default,'고유번호');
insert into order_sheet values(seq_order_sheet.nextval,'kimcs',to_date('2019-01-05', 'yyyy-mm-dd'),'카드','Y',2,20000,default,'고유번호');
insert into order_sheet values(seq_order_sheet.nextval,'kimcs',to_date('2019-11-10', 'yyyy-mm-dd'),'카드','Y',3,20000,default,'고유번호');
insert into order_sheet values(seq_order_sheet.nextval,'kimcs',to_date('2019-11-10', 'yyyy-mm-dd'),'카드','Y',4,30000,default,'고유번호');
insert into order_sheet values(seq_order_sheet.nextval,'kimcs',to_date('2019-11-10', 'yyyy-mm-dd'),'카드','Y',5,40000,default,'고유번호');

--==============================
--item_review 상품리뷰 - 테스트 - 최종
--==============================
insert into item_review values(seq_item_review.nextval,1,'abcde',sysdate,3,'너무좋아',null,null,0,50);
insert into item_review values(seq_item_review.nextval,2,'abcde',sysdate,1,'너무 싫어',null,null,0,50);

insert into item_review values(seq_item_review.nextval, 3, 'abcde', default, 5, '정말좋아요',  null, null, 0, 1);
insert into item_review values(seq_item_review.nextval, 4, 'abcde', default, 4, '정말좋아요2',  null, null, 0, 1); 
insert into item_review values(seq_item_review.nextval, 5, 'abcde', default, 4, '정말좋아요22',  null, null, 0, 2);

--==============================
--종료된 렌탈 현황 조회 업데이트 쿼리
--==============================
update item_rent_each set item_rent_yn = 'N',item_rent_start='2019/03/29',item_rent_end='2019/04/10',rent_opt_no='RT01',item_rent_user='abcde' WHERE
item_each_no = 11;
update item_rent_each set item_rent_yn = 'N',item_rent_start='2019/05/29',item_rent_end='2019/06/10',rent_opt_no='RT01',item_rent_user='abcde' WHERE
item_each_no = 12;
update item_rent_each set item_rent_yn = 'N',item_rent_start='2019/08/29',item_rent_end='2019/10/10',rent_opt_no='RT02',item_rent_user='abcde' WHERE
item_each_no = 13;
update item_rent_each set item_rent_yn = 'N',item_rent_start='2019/11/29',item_rent_end='2019/12/10',rent_opt_no='RT02',item_rent_user='abcde' WHERE
item_each_no = 14;
update item_rent_each set item_rent_yn = 'N',item_rent_start='2019/12/29',item_rent_end='2019/01/05',rent_opt_no='RT02',item_rent_user='abcde' WHERE
item_each_no = 15;
update item_rent_each set item_rent_yn = 'N',item_rent_start='2020/01/01',item_rent_end='2020/01/03',rent_opt_no='RT01',item_rent_user='abcde' WHERE
item_each_no = 16;

commit;

insert into member values('sjun212','홍성준','1ARVn2Auq2/WAqx2gNrL+q3RNjAzXpUfCXrzkA6d4Xa22yhRLy4AC50E+6UTPoscbo31nbOoq51gvkuXzJ6B2w==','01012341234','abcde@abcde.com', '23456', '서울시 강남구 역삼동 203번지', 'ㅇㅇ빌딩 301호', default, '육아','캠핑',default,default);
insert into member_point values(seq_member_point.nextval, 'sjun212', 'A', 12000, '가입시 적립', to_date('2019-12-05', 'yyyy-mm-dd'));
insert into member_point values(seq_member_point.nextval, 'sjun212', 'A', 2000, '가입시 적립', to_date('2019-12-05', 'yyyy-mm-dd'));
insert into member_point values(seq_member_point.nextval, 'sjun212', 'A', 500, '구매시 적립',to_date('2019-11-05', 'yyyy-mm-dd') );
insert into member_point values(seq_member_point.nextval, 'sjun212', 'U', -1000, '구매시 사용', to_date('2019-10-05', 'yyyy-mm-dd'));
insert into member_point values(seq_member_point.nextval, 'sjun212', 'A', 350, '구매시 적립', to_date('2019-09-05', 'yyyy-mm-dd'));
insert into member_point values(seq_member_point.nextval, 'sjun212', 'A', 100000, '구매시 적립', to_date('2019-07-05', 'yyyy-mm-dd'));
insert into item_cart values(seq_item_cart.nextval, 'sjun212', 50, 'RT01', 2);
insert into item_cart values(seq_item_cart.nextval, 'sjun212', 38, 'RT01', 2);
insert into personal_qna values(seq_personal_qna.nextval, 'sjun212' ,'QT01' , '상품문의 할게요', '이 상품 왜 이따구야', default, 'N', null);
insert into personal_qna values(seq_personal_qna.nextval, 'sjun212' ,'QT02' , '배송문의 할게요', '이 배송 왜 이따구야', default, 'N', null);
insert into personal_qna values(seq_personal_qna.nextval, 'sjun212' ,'QT03' , '기타문의 할게요', '이 기타 왜 이따구야', default, 'N', null);
insert into personal_qna values(seq_personal_qna.nextval, 'sjun212' ,'QT01' , '상품문의 할게요', '이 상품 왜 이따구야','2019-12-05' , 'Y', null);
insert into personal_qna values(seq_personal_qna.nextval, 'sjun212' ,'QT02' , '배송문의 할게요', '이 배송 왜 이따구야', '2019-09-05', 'Y', null);
insert into personal_qna values(seq_personal_qna.nextval, 'sjun212' ,'QT03' , '기타문의 할게요', '이 기타 왜 이따구야', '2019-07-05', 'Y', null);
insert into order_sheet values(seq_order_sheet.nextval,'sjun212',default,'카드','Y',2,50000,default,'고유번호');
update order_detail set item_no = 66, rent_opt_no='RT01', order_quantity=1 where order_detail_no = 57;
update order_detail set item_no = 67, rent_opt_no='RT02', order_quantity=1 where order_detail_no = 58;
insert into order_sheet values(seq_order_sheet.nextval,'sjun212',to_date('2019-11-11', 'yyyy-mm-dd'),'카드','N',4,30000,default,'고유번호');
update order_detail set item_no = 63, rent_opt_no='RT01', order_quantity=1 where order_detail_no = 59;
update order_detail set item_no = 64, rent_opt_no='RT02', order_quantity=1 where order_detail_no = 60;
update order_detail set item_no = 61, rent_opt_no='RT03', order_quantity=1 where order_detail_no = 61;
update order_detail set item_no = 60, rent_opt_no='RT01', order_quantity=1 where order_detail_no = 62;
insert into order_sheet values(seq_order_sheet.nextval,'sjun212',to_date('2019-11-11', 'yyyy-mm-dd'),'카드','N',1,40000,default,'고유번호');
update order_detail set item_no = 50, rent_opt_no='RT01', order_quantity=1 where order_detail_no = 63;
update order_detail set order_status_no='OS04' where order_detail_no = 57;
update order_detail set order_status_no='OS04' where order_detail_no = 58;
insert into item_review values(seq_item_review.nextval,57,'sjun212',sysdate,5,'너무좋아',null,null,0,50);
 
update item_rent_each set item_rent_yn = 'N',item_rent_start='2019/08/29',item_rent_end='2019/11/11',rent_opt_no='RT01',item_rent_user='sjun212' WHERE
item_each_no = 21;
update item_rent_each set item_rent_yn = 'N',item_rent_start='2019/11/29',item_rent_end='2019/12/12',rent_opt_no='RT02',item_rent_user='sjun212' WHERE
item_each_no = 22;
update item_rent_each set item_rent_yn = 'N',item_rent_start='2019/12/29',item_rent_end='2020/01/01',rent_opt_no='RT01',item_rent_user='sjun212' WHERE
item_each_no = 23;
update item_rent_each set item_rent_yn = 'N',item_rent_start='2020/01/01',item_rent_end='2020/01/03',rent_opt_no='RT02',item_rent_user='sjun212' WHERE
item_each_no = 24;

insert into item_wishlist values(seq_item_wishlist.nextval,'sjun212',30,'RT01');
insert into item_wishlist values(seq_item_wishlist.nextval,'sjun212',27,'RT02');
insert into item_wishlist values(seq_item_wishlist.nextval,'sjun212',17,'RT03');
insert into item_wishlist values(seq_item_wishlist.nextval,'sjun212',3,'RT01');
insert into item_wishlist values(seq_item_wishlist.nextval,'sjun212',42,'RT02');
insert into item_wishlist values(seq_item_wishlist.nextval,'sjun212',58,'RT03');

commit;
--select * from item_review;
--select * from order_sheet;
--
--select * from item_review;
--select * from order_detail;
--select * from item_rent_each;
--select * from item_wishlist;